Experiment,Accuracy,Precision,Recall,F1 Score,ROC-AUC,PR-AUC
Baseline,0.8469387755102041,0.5208333333333334,0.5319148936170213,0.5263157894736842,0.7983461107761219,0.5336045005962997
Threshold Optimized,0.8537414965986394,0.5454545454545454,0.5106382978723404,0.5274725274725275,0.7983461107761219,0.5336045005962997
