Metric,XGBoost,Neural Network
Accuracy,0.8605,0.8367346938775511
Precision,0.625,0.4888888888888889
Recall,0.3191,0.46808510638297873
F1 Score,0.4225,0.4782608695652174
ROC-AUC,0.7925,0.7874063226806788
PR-AUC,0.5287,0.4934318766907244
