Metric,XGBoost,Neural Network
Accuracy,0.8605,0.8469387755102041
Precision,0.625,0.5208333333333334
Recall,0.3191,0.5319148936170213
F1 Score,0.4225,0.5263157894736842
ROC-AUC,0.7925,0.7983461107761219
PR-AUC,0.5287,0.5336045005962997
